{"cameraMode":{"drawMode":0,"name":"Shaded","section":"Shading Mode"},"sceneLighting":true,"audioPlay":false,"sceneViewState":{"showFog":false,"showMaterialUpdate":false,"showSkybox":false,"showFlares":false,"showImageEffects":false,"showParticleSystems":false},"in2DMode":false,"pivot":{"x":3.994169235229492,"y":2.982891082763672,"z":10.777734756469727},"rotation":{"x":-0.16993007063865663,"y":-0.6433411836624146,"z":0.1494957059621811,"w":-0.7313597202301025},"size":14.700261116027832,"orthographic":false}