{"cameraMode":{"drawMode":0,"name":"Shaded","section":"Shading Mode"},"sceneLighting":false,"audioPlay":false,"sceneViewState":{"showFog":false,"showMaterialUpdate":false,"showSkybox":false,"showFlares":false,"showImageEffects":false,"showParticleSystems":false},"in2DMode":false,"pivot":{"x":3.6662404537200929,"y":0.7684717178344727,"z":-0.5957090258598328},"rotation":{"x":0.008896216750144959,"y":-0.990916907787323,"z":-0.10411985963582993,"w":-0.08463846147060394},"size":2.792479991912842,"orthographic":false}